-- Seed: public demo event (slug `demo`) with 11 finished demo guests.
-- Idempotent: skips if a demo event already exists.
do $$
declare demo_count int;
begin
select count(*) into demo_count from events where slug = 'demo';
if demo_count > 0 then return; end if;
insert into events (id, slug, title, host_name, date, mode, age_constrained, max_guests, accent, themes, question_ids)
values ('16e4032f-6877-4260-a64e-c5e329b46d76', 'demo', 'Demo Launch Party', 'Matchstick', current_date + 7, 'platonic', false, 50, 'green', '{premium,outlook,introspective}', '{q9,q10,q11,q12,q13,q14,q15,q16,q17,q18,q19,q20,q21,q22,q23,q24,q41,q42,q43,q44,q45,q46,q47,q48,q49,q50,q51,q52,q53,q54,q55,q56,q57,q58,q59,q60,q61,q62,q63,q64}');
insert into profiles (id, phone, first_name, last_name) values ('437ffc57-9f65-4f1d-a88c-7f89e16bcdfe', 'demo:437ffc57-9f65-4f1d-a88c-7f89e16bcdfe', 'Ada', 'Lovelace');
insert into answers (profile_id, question_id, value) values ('437ffc57-9f65-4f1d-a88c-7f89e16bcdfe','q9',4),('437ffc57-9f65-4f1d-a88c-7f89e16bcdfe','q10',2),('437ffc57-9f65-4f1d-a88c-7f89e16bcdfe','q11',4),('437ffc57-9f65-4f1d-a88c-7f89e16bcdfe','q12',3),('437ffc57-9f65-4f1d-a88c-7f89e16bcdfe','q13',5),('437ffc57-9f65-4f1d-a88c-7f89e16bcdfe','q14',7),('437ffc57-9f65-4f1d-a88c-7f89e16bcdfe','q15',6),('437ffc57-9f65-4f1d-a88c-7f89e16bcdfe','q16',1),('437ffc57-9f65-4f1d-a88c-7f89e16bcdfe','q17',3),('437ffc57-9f65-4f1d-a88c-7f89e16bcdfe','q18',2),('437ffc57-9f65-4f1d-a88c-7f89e16bcdfe','q19',4),('437ffc57-9f65-4f1d-a88c-7f89e16bcdfe','q20',6),('437ffc57-9f65-4f1d-a88c-7f89e16bcdfe','q21',5),('437ffc57-9f65-4f1d-a88c-7f89e16bcdfe','q22',7),('437ffc57-9f65-4f1d-a88c-7f89e16bcdfe','q23',2),('437ffc57-9f65-4f1d-a88c-7f89e16bcdfe','q24',1),('437ffc57-9f65-4f1d-a88c-7f89e16bcdfe','q41',6),('437ffc57-9f65-4f1d-a88c-7f89e16bcdfe','q42',5),('437ffc57-9f65-4f1d-a88c-7f89e16bcdfe','q43',7),('437ffc57-9f65-4f1d-a88c-7f89e16bcdfe','q44',2),('437ffc57-9f65-4f1d-a88c-7f89e16bcdfe','q45',1),('437ffc57-9f65-4f1d-a88c-7f89e16bcdfe','q46',3),('437ffc57-9f65-4f1d-a88c-7f89e16bcdfe','q47',5),('437ffc57-9f65-4f1d-a88c-7f89e16bcdfe','q48',4),('437ffc57-9f65-4f1d-a88c-7f89e16bcdfe','q49',6),('437ffc57-9f65-4f1d-a88c-7f89e16bcdfe','q50',1),('437ffc57-9f65-4f1d-a88c-7f89e16bcdfe','q51',7),('437ffc57-9f65-4f1d-a88c-7f89e16bcdfe','q52',2),('437ffc57-9f65-4f1d-a88c-7f89e16bcdfe','q53',4),('437ffc57-9f65-4f1d-a88c-7f89e16bcdfe','q54',3),('437ffc57-9f65-4f1d-a88c-7f89e16bcdfe','q55',5),('437ffc57-9f65-4f1d-a88c-7f89e16bcdfe','q56',7),('437ffc57-9f65-4f1d-a88c-7f89e16bcdfe','q57',6),('437ffc57-9f65-4f1d-a88c-7f89e16bcdfe','q58',1),('437ffc57-9f65-4f1d-a88c-7f89e16bcdfe','q59',3),('437ffc57-9f65-4f1d-a88c-7f89e16bcdfe','q60',2),('437ffc57-9f65-4f1d-a88c-7f89e16bcdfe','q61',4),('437ffc57-9f65-4f1d-a88c-7f89e16bcdfe','q62',6),('437ffc57-9f65-4f1d-a88c-7f89e16bcdfe','q63',5),('437ffc57-9f65-4f1d-a88c-7f89e16bcdfe','q64',7);
insert into event_participants (event_id, profile_id, started_at, completed_at) values ('16e4032f-6877-4260-a64e-c5e329b46d76','437ffc57-9f65-4f1d-a88c-7f89e16bcdfe', now() - interval '1 hour', now() - interval '30 minutes');
insert into profiles (id, phone, first_name, last_name) values ('d726efe2-21bf-4c80-a817-9039cb972f97', 'demo:d726efe2-21bf-4c80-a817-9039cb972f97', 'Grace', 'Hopper');
insert into answers (profile_id, question_id, value) values ('d726efe2-21bf-4c80-a817-9039cb972f97','q9',6),('d726efe2-21bf-4c80-a817-9039cb972f97','q10',1),('d726efe2-21bf-4c80-a817-9039cb972f97','q11',3),('d726efe2-21bf-4c80-a817-9039cb972f97','q12',5),('d726efe2-21bf-4c80-a817-9039cb972f97','q13',4),('d726efe2-21bf-4c80-a817-9039cb972f97','q14',6),('d726efe2-21bf-4c80-a817-9039cb972f97','q15',1),('d726efe2-21bf-4c80-a817-9039cb972f97','q16',7),('d726efe2-21bf-4c80-a817-9039cb972f97','q17',2),('d726efe2-21bf-4c80-a817-9039cb972f97','q18',4),('d726efe2-21bf-4c80-a817-9039cb972f97','q19',3),('d726efe2-21bf-4c80-a817-9039cb972f97','q20',5),('d726efe2-21bf-4c80-a817-9039cb972f97','q21',7),('d726efe2-21bf-4c80-a817-9039cb972f97','q22',6),('d726efe2-21bf-4c80-a817-9039cb972f97','q23',1),('d726efe2-21bf-4c80-a817-9039cb972f97','q24',3),('d726efe2-21bf-4c80-a817-9039cb972f97','q41',5),('d726efe2-21bf-4c80-a817-9039cb972f97','q42',7),('d726efe2-21bf-4c80-a817-9039cb972f97','q43',6),('d726efe2-21bf-4c80-a817-9039cb972f97','q44',1),('d726efe2-21bf-4c80-a817-9039cb972f97','q45',3),('d726efe2-21bf-4c80-a817-9039cb972f97','q46',2),('d726efe2-21bf-4c80-a817-9039cb972f97','q47',4),('d726efe2-21bf-4c80-a817-9039cb972f97','q48',6),('d726efe2-21bf-4c80-a817-9039cb972f97','q49',5),('d726efe2-21bf-4c80-a817-9039cb972f97','q50',6),('d726efe2-21bf-4c80-a817-9039cb972f97','q51',1),('d726efe2-21bf-4c80-a817-9039cb972f97','q52',3),('d726efe2-21bf-4c80-a817-9039cb972f97','q53',2),('d726efe2-21bf-4c80-a817-9039cb972f97','q54',4),('d726efe2-21bf-4c80-a817-9039cb972f97','q55',6),('d726efe2-21bf-4c80-a817-9039cb972f97','q56',5),('d726efe2-21bf-4c80-a817-9039cb972f97','q57',7),('d726efe2-21bf-4c80-a817-9039cb972f97','q58',2),('d726efe2-21bf-4c80-a817-9039cb972f97','q59',1),('d726efe2-21bf-4c80-a817-9039cb972f97','q60',3),('d726efe2-21bf-4c80-a817-9039cb972f97','q61',5),('d726efe2-21bf-4c80-a817-9039cb972f97','q62',4),('d726efe2-21bf-4c80-a817-9039cb972f97','q63',6),('d726efe2-21bf-4c80-a817-9039cb972f97','q64',1);
insert into event_participants (event_id, profile_id, started_at, completed_at) values ('16e4032f-6877-4260-a64e-c5e329b46d76','d726efe2-21bf-4c80-a817-9039cb972f97', now() - interval '1 hour', now() - interval '30 minutes');
insert into profiles (id, phone, first_name, last_name) values ('0edfb8f4-3381-4d10-8332-1949897557e7', 'demo:0edfb8f4-3381-4d10-8332-1949897557e7', 'Alan', 'Turing');
insert into answers (profile_id, question_id, value) values ('0edfb8f4-3381-4d10-8332-1949897557e7','q9',5),('0edfb8f4-3381-4d10-8332-1949897557e7','q10',1),('0edfb8f4-3381-4d10-8332-1949897557e7','q11',3),('0edfb8f4-3381-4d10-8332-1949897557e7','q12',5),('0edfb8f4-3381-4d10-8332-1949897557e7','q13',4),('0edfb8f4-3381-4d10-8332-1949897557e7','q14',6),('0edfb8f4-3381-4d10-8332-1949897557e7','q15',1),('0edfb8f4-3381-4d10-8332-1949897557e7','q16',7),('0edfb8f4-3381-4d10-8332-1949897557e7','q17',2),('0edfb8f4-3381-4d10-8332-1949897557e7','q18',4),('0edfb8f4-3381-4d10-8332-1949897557e7','q19',3),('0edfb8f4-3381-4d10-8332-1949897557e7','q20',5),('0edfb8f4-3381-4d10-8332-1949897557e7','q21',7),('0edfb8f4-3381-4d10-8332-1949897557e7','q22',6),('0edfb8f4-3381-4d10-8332-1949897557e7','q23',1),('0edfb8f4-3381-4d10-8332-1949897557e7','q24',3),('0edfb8f4-3381-4d10-8332-1949897557e7','q41',5),('0edfb8f4-3381-4d10-8332-1949897557e7','q42',7),('0edfb8f4-3381-4d10-8332-1949897557e7','q43',6),('0edfb8f4-3381-4d10-8332-1949897557e7','q44',1),('0edfb8f4-3381-4d10-8332-1949897557e7','q45',3),('0edfb8f4-3381-4d10-8332-1949897557e7','q46',2),('0edfb8f4-3381-4d10-8332-1949897557e7','q47',4),('0edfb8f4-3381-4d10-8332-1949897557e7','q48',6),('0edfb8f4-3381-4d10-8332-1949897557e7','q49',5),('0edfb8f4-3381-4d10-8332-1949897557e7','q50',7),('0edfb8f4-3381-4d10-8332-1949897557e7','q51',2),('0edfb8f4-3381-4d10-8332-1949897557e7','q52',1),('0edfb8f4-3381-4d10-8332-1949897557e7','q53',3),('0edfb8f4-3381-4d10-8332-1949897557e7','q54',5),('0edfb8f4-3381-4d10-8332-1949897557e7','q55',4),('0edfb8f4-3381-4d10-8332-1949897557e7','q56',6),('0edfb8f4-3381-4d10-8332-1949897557e7','q57',1),('0edfb8f4-3381-4d10-8332-1949897557e7','q58',7),('0edfb8f4-3381-4d10-8332-1949897557e7','q59',2),('0edfb8f4-3381-4d10-8332-1949897557e7','q60',4),('0edfb8f4-3381-4d10-8332-1949897557e7','q61',3),('0edfb8f4-3381-4d10-8332-1949897557e7','q62',5),('0edfb8f4-3381-4d10-8332-1949897557e7','q63',7),('0edfb8f4-3381-4d10-8332-1949897557e7','q64',6);
insert into event_participants (event_id, profile_id, started_at, completed_at) values ('16e4032f-6877-4260-a64e-c5e329b46d76','0edfb8f4-3381-4d10-8332-1949897557e7', now() - interval '1 hour', now() - interval '30 minutes');
insert into profiles (id, phone, first_name, last_name) values ('4e17f2fc-463b-46ed-b34b-14c16915e73b', 'demo:4e17f2fc-463b-46ed-b34b-14c16915e73b', 'Margaret', 'Hamilton');
insert into answers (profile_id, question_id, value) values ('4e17f2fc-463b-46ed-b34b-14c16915e73b','q9',5),('4e17f2fc-463b-46ed-b34b-14c16915e73b','q10',3),('4e17f2fc-463b-46ed-b34b-14c16915e73b','q11',2),('4e17f2fc-463b-46ed-b34b-14c16915e73b','q12',3),('4e17f2fc-463b-46ed-b34b-14c16915e73b','q13',4),('4e17f2fc-463b-46ed-b34b-14c16915e73b','q14',6),('4e17f2fc-463b-46ed-b34b-14c16915e73b','q15',7),('4e17f2fc-463b-46ed-b34b-14c16915e73b','q16',2),('4e17f2fc-463b-46ed-b34b-14c16915e73b','q17',3),('4e17f2fc-463b-46ed-b34b-14c16915e73b','q18',2),('4e17f2fc-463b-46ed-b34b-14c16915e73b','q19',3),('4e17f2fc-463b-46ed-b34b-14c16915e73b','q20',4),('4e17f2fc-463b-46ed-b34b-14c16915e73b','q21',6),('4e17f2fc-463b-46ed-b34b-14c16915e73b','q22',7),('4e17f2fc-463b-46ed-b34b-14c16915e73b','q23',1),('4e17f2fc-463b-46ed-b34b-14c16915e73b','q24',3),('4e17f2fc-463b-46ed-b34b-14c16915e73b','q41',4),('4e17f2fc-463b-46ed-b34b-14c16915e73b','q42',5),('4e17f2fc-463b-46ed-b34b-14c16915e73b','q43',7),('4e17f2fc-463b-46ed-b34b-14c16915e73b','q44',1),('4e17f2fc-463b-46ed-b34b-14c16915e73b','q45',2),('4e17f2fc-463b-46ed-b34b-14c16915e73b','q46',4),('4e17f2fc-463b-46ed-b34b-14c16915e73b','q47',5),('4e17f2fc-463b-46ed-b34b-14c16915e73b','q48',4),('4e17f2fc-463b-46ed-b34b-14c16915e73b','q49',5),('4e17f2fc-463b-46ed-b34b-14c16915e73b','q50',6),('4e17f2fc-463b-46ed-b34b-14c16915e73b','q51',1),('4e17f2fc-463b-46ed-b34b-14c16915e73b','q52',2),('4e17f2fc-463b-46ed-b34b-14c16915e73b','q53',4),('4e17f2fc-463b-46ed-b34b-14c16915e73b','q54',5),('4e17f2fc-463b-46ed-b34b-14c16915e73b','q55',6),('4e17f2fc-463b-46ed-b34b-14c16915e73b','q56',5),('4e17f2fc-463b-46ed-b34b-14c16915e73b','q57',6),('4e17f2fc-463b-46ed-b34b-14c16915e73b','q58',1),('4e17f2fc-463b-46ed-b34b-14c16915e73b','q59',2),('4e17f2fc-463b-46ed-b34b-14c16915e73b','q60',3),('4e17f2fc-463b-46ed-b34b-14c16915e73b','q61',5),('4e17f2fc-463b-46ed-b34b-14c16915e73b','q62',6),('4e17f2fc-463b-46ed-b34b-14c16915e73b','q63',5),('4e17f2fc-463b-46ed-b34b-14c16915e73b','q64',6);
insert into event_participants (event_id, profile_id, started_at, completed_at) values ('16e4032f-6877-4260-a64e-c5e329b46d76','4e17f2fc-463b-46ed-b34b-14c16915e73b', now() - interval '1 hour', now() - interval '30 minutes');
insert into profiles (id, phone, first_name, last_name) values ('dbe7d3b6-0ec2-4583-bfb8-e0eeb44ddf60', 'demo:dbe7d3b6-0ec2-4583-bfb8-e0eeb44ddf60', 'Linus', 'Torvalds');
insert into answers (profile_id, question_id, value) values ('dbe7d3b6-0ec2-4583-bfb8-e0eeb44ddf60','q9',5),('dbe7d3b6-0ec2-4583-bfb8-e0eeb44ddf60','q10',3),('dbe7d3b6-0ec2-4583-bfb8-e0eeb44ddf60','q11',2),('dbe7d3b6-0ec2-4583-bfb8-e0eeb44ddf60','q12',4),('dbe7d3b6-0ec2-4583-bfb8-e0eeb44ddf60','q13',6),('dbe7d3b6-0ec2-4583-bfb8-e0eeb44ddf60','q14',5),('dbe7d3b6-0ec2-4583-bfb8-e0eeb44ddf60','q15',7),('dbe7d3b6-0ec2-4583-bfb8-e0eeb44ddf60','q16',2),('dbe7d3b6-0ec2-4583-bfb8-e0eeb44ddf60','q17',1),('dbe7d3b6-0ec2-4583-bfb8-e0eeb44ddf60','q18',3),('dbe7d3b6-0ec2-4583-bfb8-e0eeb44ddf60','q19',5),('dbe7d3b6-0ec2-4583-bfb8-e0eeb44ddf60','q20',4),('dbe7d3b6-0ec2-4583-bfb8-e0eeb44ddf60','q21',6),('dbe7d3b6-0ec2-4583-bfb8-e0eeb44ddf60','q22',1),('dbe7d3b6-0ec2-4583-bfb8-e0eeb44ddf60','q23',7),('dbe7d3b6-0ec2-4583-bfb8-e0eeb44ddf60','q24',2),('dbe7d3b6-0ec2-4583-bfb8-e0eeb44ddf60','q41',4),('dbe7d3b6-0ec2-4583-bfb8-e0eeb44ddf60','q42',6),('dbe7d3b6-0ec2-4583-bfb8-e0eeb44ddf60','q43',1),('dbe7d3b6-0ec2-4583-bfb8-e0eeb44ddf60','q44',7),('dbe7d3b6-0ec2-4583-bfb8-e0eeb44ddf60','q45',2),('dbe7d3b6-0ec2-4583-bfb8-e0eeb44ddf60','q46',4),('dbe7d3b6-0ec2-4583-bfb8-e0eeb44ddf60','q47',3),('dbe7d3b6-0ec2-4583-bfb8-e0eeb44ddf60','q48',5),('dbe7d3b6-0ec2-4583-bfb8-e0eeb44ddf60','q49',7),('dbe7d3b6-0ec2-4583-bfb8-e0eeb44ddf60','q50',1),('dbe7d3b6-0ec2-4583-bfb8-e0eeb44ddf60','q51',7),('dbe7d3b6-0ec2-4583-bfb8-e0eeb44ddf60','q52',2),('dbe7d3b6-0ec2-4583-bfb8-e0eeb44ddf60','q53',4),('dbe7d3b6-0ec2-4583-bfb8-e0eeb44ddf60','q54',3),('dbe7d3b6-0ec2-4583-bfb8-e0eeb44ddf60','q55',5),('dbe7d3b6-0ec2-4583-bfb8-e0eeb44ddf60','q56',7),('dbe7d3b6-0ec2-4583-bfb8-e0eeb44ddf60','q57',6),('dbe7d3b6-0ec2-4583-bfb8-e0eeb44ddf60','q58',1),('dbe7d3b6-0ec2-4583-bfb8-e0eeb44ddf60','q59',3),('dbe7d3b6-0ec2-4583-bfb8-e0eeb44ddf60','q60',2),('dbe7d3b6-0ec2-4583-bfb8-e0eeb44ddf60','q61',4),('dbe7d3b6-0ec2-4583-bfb8-e0eeb44ddf60','q62',6),('dbe7d3b6-0ec2-4583-bfb8-e0eeb44ddf60','q63',5),('dbe7d3b6-0ec2-4583-bfb8-e0eeb44ddf60','q64',7);
insert into event_participants (event_id, profile_id, started_at, completed_at) values ('16e4032f-6877-4260-a64e-c5e329b46d76','dbe7d3b6-0ec2-4583-bfb8-e0eeb44ddf60', now() - interval '1 hour', now() - interval '30 minutes');
insert into profiles (id, phone, first_name, last_name) values ('ec4e3224-9f00-44f7-95d3-043664e1aa87', 'demo:ec4e3224-9f00-44f7-95d3-043664e1aa87', 'Radia', 'Perlman');
insert into answers (profile_id, question_id, value) values ('ec4e3224-9f00-44f7-95d3-043664e1aa87','q9',5),('ec4e3224-9f00-44f7-95d3-043664e1aa87','q10',3),('ec4e3224-9f00-44f7-95d3-043664e1aa87','q11',2),('ec4e3224-9f00-44f7-95d3-043664e1aa87','q12',4),('ec4e3224-9f00-44f7-95d3-043664e1aa87','q13',6),('ec4e3224-9f00-44f7-95d3-043664e1aa87','q14',5),('ec4e3224-9f00-44f7-95d3-043664e1aa87','q15',7),('ec4e3224-9f00-44f7-95d3-043664e1aa87','q16',2),('ec4e3224-9f00-44f7-95d3-043664e1aa87','q17',1),('ec4e3224-9f00-44f7-95d3-043664e1aa87','q18',3),('ec4e3224-9f00-44f7-95d3-043664e1aa87','q19',5),('ec4e3224-9f00-44f7-95d3-043664e1aa87','q20',4),('ec4e3224-9f00-44f7-95d3-043664e1aa87','q21',6),('ec4e3224-9f00-44f7-95d3-043664e1aa87','q22',1),('ec4e3224-9f00-44f7-95d3-043664e1aa87','q23',7),('ec4e3224-9f00-44f7-95d3-043664e1aa87','q24',2),('ec4e3224-9f00-44f7-95d3-043664e1aa87','q41',4),('ec4e3224-9f00-44f7-95d3-043664e1aa87','q42',6),('ec4e3224-9f00-44f7-95d3-043664e1aa87','q43',1),('ec4e3224-9f00-44f7-95d3-043664e1aa87','q44',7),('ec4e3224-9f00-44f7-95d3-043664e1aa87','q45',2),('ec4e3224-9f00-44f7-95d3-043664e1aa87','q46',4),('ec4e3224-9f00-44f7-95d3-043664e1aa87','q47',3),('ec4e3224-9f00-44f7-95d3-043664e1aa87','q48',5),('ec4e3224-9f00-44f7-95d3-043664e1aa87','q49',7),('ec4e3224-9f00-44f7-95d3-043664e1aa87','q50',1),('ec4e3224-9f00-44f7-95d3-043664e1aa87','q51',7),('ec4e3224-9f00-44f7-95d3-043664e1aa87','q52',2),('ec4e3224-9f00-44f7-95d3-043664e1aa87','q53',4),('ec4e3224-9f00-44f7-95d3-043664e1aa87','q54',3),('ec4e3224-9f00-44f7-95d3-043664e1aa87','q55',5),('ec4e3224-9f00-44f7-95d3-043664e1aa87','q56',7),('ec4e3224-9f00-44f7-95d3-043664e1aa87','q57',6),('ec4e3224-9f00-44f7-95d3-043664e1aa87','q58',1),('ec4e3224-9f00-44f7-95d3-043664e1aa87','q59',3),('ec4e3224-9f00-44f7-95d3-043664e1aa87','q60',2),('ec4e3224-9f00-44f7-95d3-043664e1aa87','q61',4),('ec4e3224-9f00-44f7-95d3-043664e1aa87','q62',6),('ec4e3224-9f00-44f7-95d3-043664e1aa87','q63',5),('ec4e3224-9f00-44f7-95d3-043664e1aa87','q64',7);
insert into event_participants (event_id, profile_id, started_at, completed_at) values ('16e4032f-6877-4260-a64e-c5e329b46d76','ec4e3224-9f00-44f7-95d3-043664e1aa87', now() - interval '1 hour', now() - interval '30 minutes');
insert into profiles (id, phone, first_name, last_name) values ('1b72d350-b42b-4a79-b6df-4e9430098acd', 'demo:1b72d350-b42b-4a79-b6df-4e9430098acd', 'Edsger', 'Dijkstra');
insert into answers (profile_id, question_id, value) values ('1b72d350-b42b-4a79-b6df-4e9430098acd','q9',4),('1b72d350-b42b-4a79-b6df-4e9430098acd','q10',1),('1b72d350-b42b-4a79-b6df-4e9430098acd','q11',3),('1b72d350-b42b-4a79-b6df-4e9430098acd','q12',4),('1b72d350-b42b-4a79-b6df-4e9430098acd','q13',6),('1b72d350-b42b-4a79-b6df-4e9430098acd','q14',5),('1b72d350-b42b-4a79-b6df-4e9430098acd','q15',7),('1b72d350-b42b-4a79-b6df-4e9430098acd','q16',2),('1b72d350-b42b-4a79-b6df-4e9430098acd','q17',3),('1b72d350-b42b-4a79-b6df-4e9430098acd','q18',2),('1b72d350-b42b-4a79-b6df-4e9430098acd','q19',4),('1b72d350-b42b-4a79-b6df-4e9430098acd','q20',4),('1b72d350-b42b-4a79-b6df-4e9430098acd','q21',6),('1b72d350-b42b-4a79-b6df-4e9430098acd','q22',1),('1b72d350-b42b-4a79-b6df-4e9430098acd','q23',7),('1b72d350-b42b-4a79-b6df-4e9430098acd','q24',2),('1b72d350-b42b-4a79-b6df-4e9430098acd','q41',6),('1b72d350-b42b-4a79-b6df-4e9430098acd','q42',5),('1b72d350-b42b-4a79-b6df-4e9430098acd','q43',7),('1b72d350-b42b-4a79-b6df-4e9430098acd','q44',2),('1b72d350-b42b-4a79-b6df-4e9430098acd','q45',1),('1b72d350-b42b-4a79-b6df-4e9430098acd','q46',2),('1b72d350-b42b-4a79-b6df-4e9430098acd','q47',4),('1b72d350-b42b-4a79-b6df-4e9430098acd','q48',6),('1b72d350-b42b-4a79-b6df-4e9430098acd','q49',5),('1b72d350-b42b-4a79-b6df-4e9430098acd','q50',1),('1b72d350-b42b-4a79-b6df-4e9430098acd','q51',7),('1b72d350-b42b-4a79-b6df-4e9430098acd','q52',2),('1b72d350-b42b-4a79-b6df-4e9430098acd','q53',4),('1b72d350-b42b-4a79-b6df-4e9430098acd','q54',5),('1b72d350-b42b-4a79-b6df-4e9430098acd','q55',4),('1b72d350-b42b-4a79-b6df-4e9430098acd','q56',6),('1b72d350-b42b-4a79-b6df-4e9430098acd','q57',1),('1b72d350-b42b-4a79-b6df-4e9430098acd','q58',2),('1b72d350-b42b-4a79-b6df-4e9430098acd','q59',1),('1b72d350-b42b-4a79-b6df-4e9430098acd','q60',2),('1b72d350-b42b-4a79-b6df-4e9430098acd','q61',4),('1b72d350-b42b-4a79-b6df-4e9430098acd','q62',5),('1b72d350-b42b-4a79-b6df-4e9430098acd','q63',7),('1b72d350-b42b-4a79-b6df-4e9430098acd','q64',6);
insert into event_participants (event_id, profile_id, started_at, completed_at) values ('16e4032f-6877-4260-a64e-c5e329b46d76','1b72d350-b42b-4a79-b6df-4e9430098acd', now() - interval '1 hour', now() - interval '30 minutes');
insert into profiles (id, phone, first_name, last_name) values ('dee89e15-73e4-4fa5-afb3-831905062901', 'demo:dee89e15-73e4-4fa5-afb3-831905062901', 'Barbara', 'Liskov');
insert into answers (profile_id, question_id, value) values ('dee89e15-73e4-4fa5-afb3-831905062901','q9',5),('dee89e15-73e4-4fa5-afb3-831905062901','q10',1),('dee89e15-73e4-4fa5-afb3-831905062901','q11',2),('dee89e15-73e4-4fa5-afb3-831905062901','q12',4),('dee89e15-73e4-4fa5-afb3-831905062901','q13',5),('dee89e15-73e4-4fa5-afb3-831905062901','q14',7),('dee89e15-73e4-4fa5-afb3-831905062901','q15',1),('dee89e15-73e4-4fa5-afb3-831905062901','q16',7),('dee89e15-73e4-4fa5-afb3-831905062901','q17',2),('dee89e15-73e4-4fa5-afb3-831905062901','q18',3),('dee89e15-73e4-4fa5-afb3-831905062901','q19',5),('dee89e15-73e4-4fa5-afb3-831905062901','q20',4),('dee89e15-73e4-4fa5-afb3-831905062901','q21',6),('dee89e15-73e4-4fa5-afb3-831905062901','q22',7),('dee89e15-73e4-4fa5-afb3-831905062901','q23',2),('dee89e15-73e4-4fa5-afb3-831905062901','q24',3),('dee89e15-73e4-4fa5-afb3-831905062901','q41',5),('dee89e15-73e4-4fa5-afb3-831905062901','q42',7),('dee89e15-73e4-4fa5-afb3-831905062901','q43',6),('dee89e15-73e4-4fa5-afb3-831905062901','q44',7),('dee89e15-73e4-4fa5-afb3-831905062901','q45',2),('dee89e15-73e4-4fa5-afb3-831905062901','q46',3),('dee89e15-73e4-4fa5-afb3-831905062901','q47',5),('dee89e15-73e4-4fa5-afb3-831905062901','q48',4),('dee89e15-73e4-4fa5-afb3-831905062901','q49',5),('dee89e15-73e4-4fa5-afb3-831905062901','q50',7),('dee89e15-73e4-4fa5-afb3-831905062901','q51',2),('dee89e15-73e4-4fa5-afb3-831905062901','q52',3),('dee89e15-73e4-4fa5-afb3-831905062901','q53',2),('dee89e15-73e4-4fa5-afb3-831905062901','q54',4),('dee89e15-73e4-4fa5-afb3-831905062901','q55',5),('dee89e15-73e4-4fa5-afb3-831905062901','q56',7),('dee89e15-73e4-4fa5-afb3-831905062901','q57',1),('dee89e15-73e4-4fa5-afb3-831905062901','q58',7),('dee89e15-73e4-4fa5-afb3-831905062901','q59',2),('dee89e15-73e4-4fa5-afb3-831905062901','q60',4),('dee89e15-73e4-4fa5-afb3-831905062901','q61',5),('dee89e15-73e4-4fa5-afb3-831905062901','q62',4),('dee89e15-73e4-4fa5-afb3-831905062901','q63',5),('dee89e15-73e4-4fa5-afb3-831905062901','q64',7);
insert into event_participants (event_id, profile_id, started_at, completed_at) values ('16e4032f-6877-4260-a64e-c5e329b46d76','dee89e15-73e4-4fa5-afb3-831905062901', now() - interval '1 hour', now() - interval '30 minutes');
insert into profiles (id, phone, first_name, last_name) values ('602493d0-e005-425e-9161-bbeddb670db0', 'demo:602493d0-e005-425e-9161-bbeddb670db0', 'Donald', 'Knuth');
insert into answers (profile_id, question_id, value) values ('602493d0-e005-425e-9161-bbeddb670db0','q9',5),('602493d0-e005-425e-9161-bbeddb670db0','q10',2),('602493d0-e005-425e-9161-bbeddb670db0','q11',4),('602493d0-e005-425e-9161-bbeddb670db0','q12',5),('602493d0-e005-425e-9161-bbeddb670db0','q13',4),('602493d0-e005-425e-9161-bbeddb670db0','q14',6),('602493d0-e005-425e-9161-bbeddb670db0','q15',1),('602493d0-e005-425e-9161-bbeddb670db0','q16',7),('602493d0-e005-425e-9161-bbeddb670db0','q17',1),('602493d0-e005-425e-9161-bbeddb670db0','q18',3),('602493d0-e005-425e-9161-bbeddb670db0','q19',5),('602493d0-e005-425e-9161-bbeddb670db0','q20',5),('602493d0-e005-425e-9161-bbeddb670db0','q21',7),('602493d0-e005-425e-9161-bbeddb670db0','q22',6),('602493d0-e005-425e-9161-bbeddb670db0','q23',1),('602493d0-e005-425e-9161-bbeddb670db0','q24',3),('602493d0-e005-425e-9161-bbeddb670db0','q41',4),('602493d0-e005-425e-9161-bbeddb670db0','q42',6),('602493d0-e005-425e-9161-bbeddb670db0','q43',1),('602493d0-e005-425e-9161-bbeddb670db0','q44',7),('602493d0-e005-425e-9161-bbeddb670db0','q45',2),('602493d0-e005-425e-9161-bbeddb670db0','q46',3),('602493d0-e005-425e-9161-bbeddb670db0','q47',5),('602493d0-e005-425e-9161-bbeddb670db0','q48',4),('602493d0-e005-425e-9161-bbeddb670db0','q49',6),('602493d0-e005-425e-9161-bbeddb670db0','q50',6),('602493d0-e005-425e-9161-bbeddb670db0','q51',1),('602493d0-e005-425e-9161-bbeddb670db0','q52',3),('602493d0-e005-425e-9161-bbeddb670db0','q53',2),('602493d0-e005-425e-9161-bbeddb670db0','q54',3),('602493d0-e005-425e-9161-bbeddb670db0','q55',5),('602493d0-e005-425e-9161-bbeddb670db0','q56',7),('602493d0-e005-425e-9161-bbeddb670db0','q57',6),('602493d0-e005-425e-9161-bbeddb670db0','q58',7),('602493d0-e005-425e-9161-bbeddb670db0','q59',2),('602493d0-e005-425e-9161-bbeddb670db0','q60',3),('602493d0-e005-425e-9161-bbeddb670db0','q61',5),('602493d0-e005-425e-9161-bbeddb670db0','q62',6),('602493d0-e005-425e-9161-bbeddb670db0','q63',5),('602493d0-e005-425e-9161-bbeddb670db0','q64',7);
insert into event_participants (event_id, profile_id, started_at, completed_at) values ('16e4032f-6877-4260-a64e-c5e329b46d76','602493d0-e005-425e-9161-bbeddb670db0', now() - interval '1 hour', now() - interval '30 minutes');
insert into profiles (id, phone, first_name, last_name) values ('3281ab89-c011-4396-85c8-1549ba6a0b0f', 'demo:3281ab89-c011-4396-85c8-1549ba6a0b0f', 'Katherine', 'Johnson');
insert into answers (profile_id, question_id, value) values ('3281ab89-c011-4396-85c8-1549ba6a0b0f','q9',4),('3281ab89-c011-4396-85c8-1549ba6a0b0f','q10',1),('3281ab89-c011-4396-85c8-1549ba6a0b0f','q11',3),('3281ab89-c011-4396-85c8-1549ba6a0b0f','q12',5),('3281ab89-c011-4396-85c8-1549ba6a0b0f','q13',4),('3281ab89-c011-4396-85c8-1549ba6a0b0f','q14',6),('3281ab89-c011-4396-85c8-1549ba6a0b0f','q15',6),('3281ab89-c011-4396-85c8-1549ba6a0b0f','q16',1),('3281ab89-c011-4396-85c8-1549ba6a0b0f','q17',3),('3281ab89-c011-4396-85c8-1549ba6a0b0f','q18',2),('3281ab89-c011-4396-85c8-1549ba6a0b0f','q19',4),('3281ab89-c011-4396-85c8-1549ba6a0b0f','q20',4),('3281ab89-c011-4396-85c8-1549ba6a0b0f','q21',6),('3281ab89-c011-4396-85c8-1549ba6a0b0f','q22',1),('3281ab89-c011-4396-85c8-1549ba6a0b0f','q23',7),('3281ab89-c011-4396-85c8-1549ba6a0b0f','q24',2),('3281ab89-c011-4396-85c8-1549ba6a0b0f','q41',4),('3281ab89-c011-4396-85c8-1549ba6a0b0f','q42',6),('3281ab89-c011-4396-85c8-1549ba6a0b0f','q43',1),('3281ab89-c011-4396-85c8-1549ba6a0b0f','q44',7),('3281ab89-c011-4396-85c8-1549ba6a0b0f','q45',2),('3281ab89-c011-4396-85c8-1549ba6a0b0f','q46',4),('3281ab89-c011-4396-85c8-1549ba6a0b0f','q47',3),('3281ab89-c011-4396-85c8-1549ba6a0b0f','q48',5),('3281ab89-c011-4396-85c8-1549ba6a0b0f','q49',7),('3281ab89-c011-4396-85c8-1549ba6a0b0f','q50',7),('3281ab89-c011-4396-85c8-1549ba6a0b0f','q51',2),('3281ab89-c011-4396-85c8-1549ba6a0b0f','q52',1),('3281ab89-c011-4396-85c8-1549ba6a0b0f','q53',3),('3281ab89-c011-4396-85c8-1549ba6a0b0f','q54',5),('3281ab89-c011-4396-85c8-1549ba6a0b0f','q55',4),('3281ab89-c011-4396-85c8-1549ba6a0b0f','q56',6),('3281ab89-c011-4396-85c8-1549ba6a0b0f','q57',1),('3281ab89-c011-4396-85c8-1549ba6a0b0f','q58',7),('3281ab89-c011-4396-85c8-1549ba6a0b0f','q59',2),('3281ab89-c011-4396-85c8-1549ba6a0b0f','q60',2),('3281ab89-c011-4396-85c8-1549ba6a0b0f','q61',4),('3281ab89-c011-4396-85c8-1549ba6a0b0f','q62',4),('3281ab89-c011-4396-85c8-1549ba6a0b0f','q63',6),('3281ab89-c011-4396-85c8-1549ba6a0b0f','q64',1);
insert into event_participants (event_id, profile_id, started_at, completed_at) values ('16e4032f-6877-4260-a64e-c5e329b46d76','3281ab89-c011-4396-85c8-1549ba6a0b0f', now() - interval '1 hour', now() - interval '30 minutes');
insert into profiles (id, phone, first_name, last_name) values ('46f998a0-f5d1-44a1-9264-c036eb97f69b', 'demo:46f998a0-f5d1-44a1-9264-c036eb97f69b', 'Vint', 'Cerf');
insert into answers (profile_id, question_id, value) values ('46f998a0-f5d1-44a1-9264-c036eb97f69b','q9',6),('46f998a0-f5d1-44a1-9264-c036eb97f69b','q10',2),('46f998a0-f5d1-44a1-9264-c036eb97f69b','q11',4),('46f998a0-f5d1-44a1-9264-c036eb97f69b','q12',3),('46f998a0-f5d1-44a1-9264-c036eb97f69b','q13',5),('46f998a0-f5d1-44a1-9264-c036eb97f69b','q14',7),('46f998a0-f5d1-44a1-9264-c036eb97f69b','q15',6),('46f998a0-f5d1-44a1-9264-c036eb97f69b','q16',1),('46f998a0-f5d1-44a1-9264-c036eb97f69b','q17',3),('46f998a0-f5d1-44a1-9264-c036eb97f69b','q18',2),('46f998a0-f5d1-44a1-9264-c036eb97f69b','q19',4),('46f998a0-f5d1-44a1-9264-c036eb97f69b','q20',6),('46f998a0-f5d1-44a1-9264-c036eb97f69b','q21',5),('46f998a0-f5d1-44a1-9264-c036eb97f69b','q22',7),('46f998a0-f5d1-44a1-9264-c036eb97f69b','q23',2),('46f998a0-f5d1-44a1-9264-c036eb97f69b','q24',1),('46f998a0-f5d1-44a1-9264-c036eb97f69b','q41',6),('46f998a0-f5d1-44a1-9264-c036eb97f69b','q42',5),('46f998a0-f5d1-44a1-9264-c036eb97f69b','q43',7),('46f998a0-f5d1-44a1-9264-c036eb97f69b','q44',2),('46f998a0-f5d1-44a1-9264-c036eb97f69b','q45',1),('46f998a0-f5d1-44a1-9264-c036eb97f69b','q46',3),('46f998a0-f5d1-44a1-9264-c036eb97f69b','q47',5),('46f998a0-f5d1-44a1-9264-c036eb97f69b','q48',4),('46f998a0-f5d1-44a1-9264-c036eb97f69b','q49',6),('46f998a0-f5d1-44a1-9264-c036eb97f69b','q50',1),('46f998a0-f5d1-44a1-9264-c036eb97f69b','q51',7),('46f998a0-f5d1-44a1-9264-c036eb97f69b','q52',2),('46f998a0-f5d1-44a1-9264-c036eb97f69b','q53',4),('46f998a0-f5d1-44a1-9264-c036eb97f69b','q54',3),('46f998a0-f5d1-44a1-9264-c036eb97f69b','q55',5),('46f998a0-f5d1-44a1-9264-c036eb97f69b','q56',7),('46f998a0-f5d1-44a1-9264-c036eb97f69b','q57',6),('46f998a0-f5d1-44a1-9264-c036eb97f69b','q58',1),('46f998a0-f5d1-44a1-9264-c036eb97f69b','q59',3),('46f998a0-f5d1-44a1-9264-c036eb97f69b','q60',2),('46f998a0-f5d1-44a1-9264-c036eb97f69b','q61',4),('46f998a0-f5d1-44a1-9264-c036eb97f69b','q62',6),('46f998a0-f5d1-44a1-9264-c036eb97f69b','q63',5),('46f998a0-f5d1-44a1-9264-c036eb97f69b','q64',7);
insert into event_participants (event_id, profile_id, started_at, completed_at) values ('16e4032f-6877-4260-a64e-c5e329b46d76','46f998a0-f5d1-44a1-9264-c036eb97f69b', now() - interval '1 hour', now() - interval '30 minutes');
end $$;
